{"accuracy": [0.9313554763793945, 0.933191180229187, 0.9346067905426025, 0.9363483190536499, 0.938147246837616, 0.939408540725708, 0.9403387308120728, 0.9412663578987122, 0.9420512318611145, 0.9428129196166992, 0.9435174465179443, 0.9441884756088257, 0.9448970556259155, 0.9455514550209045, 0.9462307095527649, 0.9469161033630371, 0.947593092918396, 0.9483157396316528, 0.9490454792976379, 0.9498419165611267, 0.9505882263183594, 0.9513429999351501, 0.952143132686615, 0.9529067873954773, 0.9537413120269775, 0.954519510269165, 0.9553076028823853, 0.9560908079147339, 0.95682293176651, 0.9575798511505127, 0.9582446813583374, 0.9589786529541016, 0.959679126739502, 0.9602875709533691, 0.9609721302986145, 0.9616042971611023, 0.9622840881347656, 0.9628143310546875, 0.963374137878418, 0.9640235304832458, 0.964594841003418, 0.9651282429695129, 0.9656422734260559, 0.9661626815795898, 0.966637909412384, 0.9669690728187561, 0.967655599117279, 0.9681946635246277, 0.9686484336853027, 0.9690061807632446], "loss": [0.47005707025527954, 0.44946935772895813, 0.426382452249527, 0.40653401613235474, 0.3891323208808899, 0.374203085899353, 0.3612666726112366, 0.349945992231369, 0.3397076725959778, 0.3303984999656677, 0.3218754231929779, 0.31386420130729675, 0.30631059408187866, 0.2990805506706238, 0.29213038086891174, 0.285419225692749, 0.27882713079452515, 0.27258390188217163, 0.26649701595306396, 0.26045557856559753, 0.2546921670436859, 0.24927227199077606, 0.2438008338212967, 0.23856811225414276, 0.23339612782001495, 0.22850070893764496, 0.2238200455904007, 0.21909379959106445, 0.21468444168567657, 0.21034851670265198, 0.2062741219997406, 0.2023036628961563, 0.1982835829257965, 0.1947828084230423, 0.19104407727718353, 0.18756304681301117, 0.18418653309345245, 0.1811700016260147, 0.17791251838207245, 0.17480793595314026, 0.17181695997714996, 0.16895072162151337, 0.16609583795070648, 0.16346785426139832, 0.16084781289100647, 0.1592591404914856, 0.1558884233236313, 0.15320760011672974, 0.15088006854057312, 0.14879871904850006], "val_accuracy": [1.0, 1.0, 1.0, 1.0, 1.0, 1.0, 1.0, 1.0, 1.0, 1.0, 1.0, 1.0, 1.0, 1.0, 1.0, 1.0, 1.0, 1.0, 1.0, 1.0, 1.0, 1.0, 1.0, 1.0, 1.0, 1.0, 1.0, 1.0, 1.0, 1.0, 1.0, 1.0, 1.0, 1.0, 1.0, 1.0, 1.0, 1.0, 1.0, 1.0, 1.0, 1.0, 1.0, 1.0, 1.0, 1.0, 1.0, 1.0, 1.0, 1.0], "val_loss": [0.0009223060915246606, 0.000491970160510391, 0.00030911582871340215, 0.00020900749950669706, 0.0001523628452559933, 0.00011200705193914473, 8.900064131012186e-05, 6.746300641680136e-05, 5.175363548914902e-05, 4.333440665504895e-05, 3.8838737964397296e-05, 2.979804230562877e-05, 2.3841485017328523e-05, 1.9952509319409728e-05, 1.661849455558695e-05, 1.404398244631011e-05, 1.1898482625838369e-05, 1.0982955245708581e-05, 8.108109796012286e-06, 7.262844974320615e-06, 6.528648555104155e-06, 5.2158156904624775e-06, 5.165339189261431e-06, 4.229651040077442e-06, 3.8234106796153355e-06, 3.0400276500586187e-06, 2.7730541205528425e-06, 2.230751533716102e-06, 1.976600287889596e-06, 1.967475782294059e-06, 1.2407742815412348e-06, 9.555403721606126e-07, 1.1416758525228943e-06, 6.370008804879035e-07, 6.703285180265084e-07, 4.2858900428655033e-07, 4.1131826833407104e-07, 6.431674819395994e-07, 5.215874239183904e-07, 2.941646357612626e-07, 2.5816171955739264e-07, 2.5962691552194883e-07, 2.388112818607624e-07, 2.4394836373176076e-07, 1.805489375783509e-07, 1.214234970348116e-07, 1.0501824476705224e-07, 2.329252168919993e-07, 1.3204628146468167e-07, 8.65954703499483e-08]}